{
	"releaseDate" : "2020-11-29_13-00",
	"previousReleaseDate" : "2020-06-05_17-30",
	"previousReleaseLink" : "https://raw.githubusercontent.com/DSATool/CharacterSheetPlugin/master/release/CharacterSheet_2020-06-05_17-30.zip",
	"updateInfo" : "https://raw.githubusercontent.com/DSATool/CharacterSheetPlugin/master/release/update-info.json",
	"signatureProviderName" : "SunEC",
	"signatureKeyAlgorithm" : "EC",
	"signatureAlgorithm" : "SHA512withECDSA",
	"signatureKey" : "MFkwEwYHKoZIzj0CAQYIKoZIzj0DAQcDQgAEFSW7Wz91z8mMJ/Z3NAbKm7ESQ/oxCNc1Ikd61jbPM9MFDj37bLD975sp69iO5I/AEeTa5DV3ZR2m5wXXN13jfA=="
}