{
	"releaseDate" : "2023-10-07_16-15",
	"previousReleaseDate" : "2023-05-24_20-15",
	"previousReleaseLink" : "https://raw.githubusercontent.com/DSATool/CharacterSheetPlugin/master/release/CharacterSheet_2023-05-24_20-15.zip",
	"updateInfo" : "https://raw.githubusercontent.com/DSATool/CharacterSheetPlugin/master/release/update-info.json",
	"signatureProviderName" : "SunEC",
	"signatureKeyAlgorithm" : "EC",
	"signatureAlgorithm" : "SHA512withECDSA",
	"signatureKey" : "MFkwEwYHKoZIzj0CAQYIKoZIzj0DAQcDQgAEFSW7Wz91z8mMJ/Z3NAbKm7ESQ/oxCNc1Ikd61jbPM9MFDj37bLD975sp69iO5I/AEeTa5DV3ZR2m5wXXN13jfA=="
}