{
	"releaseDate" : "2021-03-16_20-00",
	"previousReleaseDate" : "2021-03-11_17-30",
	"previousReleaseLink" : "https://raw.githubusercontent.com/DSATool/CharacterSheetPlugin/master/release/CharacterSheet_2021-03-11_17-30.zip",
	"updateInfo" : "https://raw.githubusercontent.com/DSATool/CharacterSheetPlugin/master/release/update-info.json",
	"signatureProviderName" : "SunEC",
	"signatureKeyAlgorithm" : "EC",
	"signatureAlgorithm" : "SHA512withECDSA",
	"signatureKey" : "MFkwEwYHKoZIzj0CAQYIKoZIzj0DAQcDQgAEFSW7Wz91z8mMJ/Z3NAbKm7ESQ/oxCNc1Ikd61jbPM9MFDj37bLD975sp69iO5I/AEeTa5DV3ZR2m5wXXN13jfA=="
}