{
	"releaseDate" : "2022-12-11_11-45",
	"previousReleaseDate" : "2022-12-10_20-45",
	"previousReleaseLink" : "https://raw.githubusercontent.com/DSATool/CharacterSheetPlugin/master/release/CharacterSheet_2022-12-10_20-45.zip",
	"updateInfo" : "https://raw.githubusercontent.com/DSATool/CharacterSheetPlugin/master/release/update-info.json",
	"signatureProviderName" : "SunEC",
	"signatureKeyAlgorithm" : "EC",
	"signatureAlgorithm" : "SHA512withECDSA",
	"signatureKey" : "MFkwEwYHKoZIzj0CAQYIKoZIzj0DAQcDQgAEFSW7Wz91z8mMJ/Z3NAbKm7ESQ/oxCNc1Ikd61jbPM9MFDj37bLD975sp69iO5I/AEeTa5DV3ZR2m5wXXN13jfA=="
}